,retrievers,hit_rate,mrr,precision,recall,ap,ndcg
0,cohere,0.78,0.6735833333333333,0.07799999999999999,0.78,0.6735833333333333,0.1540314396028076
