,retrievers,hit_rate,mrr,precision,recall,ap,ndcg
0,bge_large,0.78,0.6669404761904761,0.07799999999999999,0.78,0.6669404761904761,0.15284623216906154
