,retrievers,hit_rate,mrr,precision,recall,ap,ndcg
0,base,0.78,0.5150357142857143,0.07799999999999999,0.78,0.5150357142857143,0.12745641901495092
