,retrievers,hit_rate,mrr,precision,recall,ap,ndcg
0,bge_small,0.78,0.6784285714285713,0.07799999999999999,0.78,0.6784285714285713,0.15484392187650772
