,retrievers,hit_rate,mrr,precision,recall,ap,ndcg
0,bge_small,0.89,0.7180238095238094,0.08899999999999998,0.89,0.7180238095238094,0.1672170003237603
