,retrievers,hit_rate,mrr,precision,recall,ap,ndcg
0,cohere,0.89,0.7523333333333332,0.08899999999999998,0.89,0.7523333333333332,0.17322590048221567
