,retrievers,hit_rate,mrr,precision,recall,ap,ndcg
0,bge_large,0.89,0.7271071428571428,0.08899999999999998,0.89,0.7271071428571428,0.1686966522035493
