,retrievers,hit_rate,mrr,precision,recall,ap,ndcg
0,base,0.89,0.6558095238095238,0.08899999999999998,0.89,0.6558095238095238,0.15669727136076805
